Neuron1Id,Neuron2,Neuron2type,Neuron2Id,Weight,Neuron2Pre,Neuron2Post,WeightHP
911470352,EPG(PB08)_R3,EPG,541118908,35,523,3796,22
911470352,EPG(PB08)_R3,EPG,5813080838,34,552,4198,23
911470352,EPG(PB08)_L5,EPG,819828986,24,513,3264,13
911470352,EPG(PB08)_R4,EPG,695956656,24,464,3738,15
911470352,Delta7(PB15)_L1L9R8_R,Delta7,911574261,23,579,1283,10
911470352,Delta7(PB15)_L4R5_R,Delta7,880880259,23,546,1208,9
911470352,Delta7(PB15)_L4R5_R,Delta7,910442723,22,525,1157,14
911470352,Delta7(PB15)_L2R7_R,Delta7,911574041,22,513,1150,9
911470352,Delta7(PB15)_L4R5_R,Delta7,911129339,21,523,1045,13
911470352,EPG(PB08)_R4,EPG,633546217,21,413,3200,12
911470352,EPG(PB08)_R5,EPG,694920753,20,455,3441,10
911470352,Delta7(PB15)_L6R3_L,Delta7,911919044,19,546,1186,13
911470352,Delta7(PB15)_L7R3_L,Delta7,941810314,18,514,1031,11
911470352,Delta7(PB15)_L3R6_R,Delta7,910783961,18,596,1127,11
911470352,Delta7(PB15)_L5R4_L,Delta7,910801332,17,500,1084,10
911470352,Delta7(PB15)_L6R3_L,Delta7,973959177,16,496,1071,8
911470352,Delta7(PB15)_L2R7_R,Delta7,911911699,16,498,990,6
911470352,Delta7(PB15)_L6R4_L,Delta7,911211196,16,570,1110,10
911470352,EPG(PB08)_L4,EPG,634962055,16,530,3515,8
911470352,EPG(PB08)_R3,EPG,478375456,16,483,4249,12
911470352,EPG(PB08)_R4,EPG,416642425,16,470,3834,13
911470352,EPG(PB08)_R5,EPG,5813027103,15,491,3574,10
911470352,Delta7(PB15)_L4R5_R,Delta7,911138168,15,540,1054,7
911470352,Delta7(PB15)_L4R5_R,Delta7,911134009,15,534,1125,4
911470352,EPG(PB08)_L5,EPG,696362840,15,536,3491,6
911470352,EPG(PB08)_R2,EPG,632544268,15,432,3959,10
911470352,Delta7(PB15)_L1L9R8_R,Delta7,5813061383,14,608,1322,9
911470352,Delta7(PB15)_L7R2_L,Delta7,1158747783,14,500,1159,9
911470352,Delta7(PB15)_L2R7_R,Delta7,942522378,14,508,1059,6
911470352,Delta7(PB15)_L8R1R9_L,Delta7,911911193,14,594,1221,10
911470352,EPG(PB08)_L4,EPG,665314820,14,546,3576,11
911470352,Delta7(PB15)_L6R3_L,Delta7,941814787,13,529,1084,8
911470352,Delta7(PB15)_L4R6_R,Delta7,910442782,13,559,1061,7
911470352,EPG(PB08)_R2,EPG,695629525,13,472,4153,6
911470352,EPG(PB08)_L4,EPG,5813022281,12,543,3272,5
911470352,Delta7(PB15)_L2R7_R,Delta7,911578496,12,552,1210,8
911470352,Delta7(PB15)_L7R2_L,Delta7,911129204,12,505,1153,7
911470352,Delta7(PB15)_L3R6_R,Delta7,911565419,12,546,1022,5
911470352,Delta7(PB15)_L4R6_R,Delta7,911901802,11,555,1254,6
911470352,Delta7(PB15)_L8R1R9_L,Delta7,910442752,11,528,1200,5
911470352,Delta7(PB15)_L5R4_L,Delta7,910796989,11,524,1342,6
911470352,Delta7(PB15)_L8R1R9_L,Delta7,910783731,11,579,1187,5
911470352,Delta7(PB15)_L5R4_L,Delta7,880530613,11,504,1136,5
911470352,Delta7(PB15)_L3R6_R,Delta7,911906936,10,525,1135,4
911470352,Delta7(PB15)_L6R4_L,Delta7,911241750,10,593,1361,2
911470352,EPG(PB08)_L7,EPG,1035045015,9,549,4196,3
911470352,Delta7(PB15)_L8R1R9_L,Delta7,911578595,9,556,1320,6
911470352,Delta7(PB15)_L8R1R9_L,Delta7,910783883,9,600,1367,5
911470352,EPG(PB08)_L7,EPG,5813012006,8,539,3883,2
911470352,Delta7(PB15)_L6R3_L,Delta7,941482720,8,476,1081,7
911470352,Delta7(PB15)_L3R6_R,Delta7,941469087,8,535,1245,4
911470352,Delta7(PB15)_L5R4_L,Delta7,880875736,8,479,1169,5
911470352,Delta7(PB15)_L1L9R8_R,Delta7,881221166,8,606,1285,3
911470352,Delta7(PB15)_L6R3_L,Delta7,734581598,8,513,1039,3
911470352,EPG(PB08)_R5,EPG,725951521,8,415,3479,4
911470352,Delta7(PB15)_L5R4_L,Delta7,5813048042,6,515,1147,6
911470352,LPsP(PB13)_L,LPsP,1095275456,6,1864,4180,2
911470352,EPG(PB08)_R7,EPG,1002852791,6,504,4112,4
911470352,EPG(PB08)_L7,EPG,1004017998,6,414,3073,6
911470352,EPG(PB08)_L6,EPG,912601268,6,459,3433,5
911470352,Delta7(PB15)_L7R2_L,Delta7,912243353,6,508,982,2
911470352,P1-9(PB19)_L,P1-9,911565408,6,364,286,3
911470352,LPsP(PB13)_R,LPsP,881217171,6,1845,4354,1
911470352,EPG(PB08)_L6,EPG,541870397,6,498,3916,2
911470352,P1-9(PB19)_R,P1-9,941469301,5,263,250,4
911470352,EPG(PB08)_L2,EPG,912545106,5,564,4273,3
911470352,Delta7(PB15)_L1L9R8_R,Delta7,911919917,5,562,1182,1
911470352,EPG(PB08)_L3,EPG,758419409,5,589,4163,1
911470352,EPG(PB08)_L8,EPG,1167995070,4,476,3874,3
911470352,IbSpsP(PB17)_L2/R2/4,IbSpsP,1128097470,4,167,641,3
911470352,Delta7(PB15)_L1L9R8_R,Delta7,911911004,4,653,1496,0
911470352,EPG(PB08)_L6,EPG,788794171,4,445,3207,2
911470352,EPG(PB08)_L3,EPG,387364605,4,645,4350,3
911470352,IbSpsP(PB17)_L4,IbSpsP,5813041382,3,216,726,3
911470352,IbSpsP(PB17)_R8,IbSpsP,1125969140,3,136,495,1
911470352,EPG(PB08)_L8,EPG,1065410141,3,406,3278,2
911470352,EPG(PB08)_R6,EPG,941132434,3,384,3384,3
911470352,EPG(PB08)_L5,EPG,789126240,3,479,3024,3
911470352,EPG(PB08)_L2,EPG,697001770,3,494,4160,0
911470352,EPG(PB08)_R8,EPG,5813061251,2,373,2853,1
911470352,SIFa(PDM34),SIFa,5813062866,2,308,506,1
911470352,EPG(PB08)_R8,EPG,5813040233,2,433,3384,0
911470352,IbSpsP(PB17)_R3,IbSpsP,5813016150,2,136,338,1
911470352,EPGt(PB09)_R9,EPGt,1219069439,2,170,790,0
911470352,EPG(PB08)_L8,EPG,1127476096,2,455,3300,0
911470352,IbSpsP(PB17)_R7/9,IbSpsP,1095279301,2,241,547,1
911470352,EPG(PB08)_R7,EPG,1034219901,2,435,4020,1
911470352,PFGs(PB10)_R7_C3,PFGs,1033887446,2,574,2917,1
911470352,EPG(PB08)_R7,EPG,1002507159,2,545,4220,1
911470352,IbSpsP(PB17)_R3/4/5,IbSpsP,941831818,2,204,725,0
911470352,PFR_b(PB11b)_L5_C6,PFR_b,911915224,2,339,2043,0
911470352,PFNv(PB05)_L4_C3,PFNv,911897964,2,190,824,1
911470352,EPG(PB08)_R6,EPG,910438331,2,438,3749,0
911470352,PFNv(PB05)_L3_C2,PFNv,912894991,2,325,1524,0
911470352,PFNv(PB05)_L6_C5,PFNv,601557317,2,216,560,2
911470352,PFGs(PB10)_L2_C2,PFGs,419060083,2,556,2395,2
911470352,PFNv(PB05)_R4_C7,PFNv,417998204,2,229,999,1
911470352,,,5813061386,1,1,1,1
911470352,PFGs(PB10)_R3_C7,PFGs,5813048755,1,458,2264,1
911470352,,,5813016122,1,1,0,1
911470352,,,1252573641,1,1,0,0
911470352,,,1283600055,1,107,160,0
911470352,,,1252906450,1,1,2,0
911470352,,,1220843688,1,1,0,1
911470352,EPG(PB08)_L8,EPG,1168664495,1,468,3858,0
911470352,EPGt(PB09)_R9,EPGt,1168659995,1,154,611,0
911470352,,,1159473974,1,1,2,0
911470352,,,1159434684,1,1,0,1
911470352,,,1158364546,1,1,0,1
911470352,,,1158363779,1,1,0,1
911470352,,,1159137016,1,1,2,0
911470352,,,1159102048,1,1,0,1
911470352,,,1157349290,1,1,0,0
911470352,,,1128745260,1,1,0,0
911470352,,,1128092781,1,1,1,0
911470352,,,1128059031,1,1,0,1
911470352,,,1128010824,1,1,0,0
911470352,,,1126988388,1,1,0,1
911470352,,,1126642466,1,1,7,0
911470352,EPG(PB08)_R8,EPG,1125964814,1,352,3046,0
911470352,,,1097749349,1,1,0,1
911470352,,,1097468228,1,1,1,1
911470352,,,1097356691,1,1,0,1
911470352,,,1097351951,1,1,0,1
911470352,,,1097027758,1,1,0,0
911470352,PFR_b(PB11b)_R3_C7,PFR_b,1102191192,1,98,1630,1
911470352,PFR_b(PB11b)_R5_C4,PFR_b,1073504644,1,271,2215,1
911470352,PFR_b(PB11b)_L3_C4,PFR_b,1070439674,1,315,1855,1
911470352,,,1065600678,1,1,0,0
911470352,,,1098392307,1,1,0,0
911470352,,,1098392173,1,1,0,1
911470352,,,1067426390,1,1,0,1
911470352,PFR_b(PB11b)_R7_C2,PFR_b,1064577636,1,222,1928,1
911470352,,,1067081331,1,1,0,1
911470352,,,1067081058,1,1,0,1
911470352,,,1067012084,1,1,0,1
911470352,IbSpsP(PB17)_L8,IbSpsP,1066748608,1,193,499,0
911470352,,,1066675356,1,1,0,0
911470352,,,1066385560,1,1,0,1
911470352,,,1066334876,1,1,0,0
911470352,,,1066321693,1,1,0,0
911470352,,,1066088549,1,1,0,1
911470352,,,1066083381,1,1,0,0
911470352,,,1036041678,1,1,0,1
911470352,,,1036041430,1,1,0,1
911470352,,,1035964757,1,1,0,0
911470352,,,1035692508,1,1,0,1
911470352,IbSpsP(PB17)_R2/3,IbSpsP,1035640810,1,201,782,1
911470352,,,1035640463,1,1,0,1
911470352,,,1034946100,1,1,0,1
911470352,,,1034901696,1,1,0,0
911470352,,,1036395827,1,1,0,1
911470352,,,1003530894,1,1,0,0
911470352,,,1005007520,1,1,0,0
911470352,,,1005347907,1,1,0,1
911470352,PFR_b(PB11b)_R3_C6,PFR_b,1005261469,1,222,2356,0
911470352,,,1004247549,1,1,1,1
911470352,P6-8P9(PB14)_L,P6-8P9,1004018344,1,92,436,1
911470352,,,973997479,1,1,2,0
911470352,,,973980167,1,1,0,1
911470352,IbSpsP(PB17)_L3/4,IbSpsP,973963898,1,163,527,0
911470352,,,942604283,1,1,1,0
911470352,,,942514347,1,1,1,0
911470352,,,942510043,1,1,0,1
911470352,EPG(PB08)_R6,EPG,942491983,1,477,3582,0
911470352,IbSpsP(PB17)_R6,IbSpsP,940787029,1,241,875,0
911470352,,,941814422,1,1,4,1
911470352,IbSpsP(PB17)_R6,IbSpsP,941814244,1,212,914,0
911470352,PFNv(PB05)_L4_C3,PFNv,911897818,1,214,957,1
911470352,PFNv(PB05)_R3_C8,PFNv,911504689,1,330,1576,1
911470352,IbSpsP(PB17)_R5/6,IbSpsP,910783805,1,229,787,0
911470352,PFNd(PB04)_L6_C5,PFNd,880538997,1,203,963,1
911470352,SpsP(PB16)_L,SpsP,881212361,1,224,48,1
911470352,PFR_b(PB11b)_L4_C5,PFR_b,819828716,1,323,1371,0
911470352,PFR_b(PB11b)_R4_C5,PFR_b,786989471,1,200,1833,0
911470352,PFNv(PB05)_R5_C6,PFNv,724267537,1,324,1294,0
911470352,PFR_a(PB11a)_L2_C2,PFR_a,634608015,1,502,1817,1
911470352,PFNv(PB05)_L2_C1,PFNv,604242162,1,327,1137,0
911470352,PFNv(PB05)_R6_C5,PFNv,601120917,1,249,935,0
911470352,PFNv(PB05)_R4_C7,PFNv,572494993,1,211,887,1
911470352,PEN_a(PB06a)_L7,PEN_a(PEN1),508793049,1,587,1607,1
911470352,PFNv(PB05)_L5_C4,PFNv,478427368,1,297,985,1
911470352,EPG(PB08)_L3,EPG,449438847,1,609,4595,0